{"cameraMode":{"drawMode":0,"name":"Shaded","section":"Shading Mode"},"sceneLighting":false,"audioPlay":false,"sceneViewState":{"m_AlwaysRefresh":false,"showFog":true,"showSkybox":false,"showFlares":true,"showImageEffects":true,"showParticleSystems":true,"showVisualEffectGraphs":true,"m_FxEnabled":true},"in2DMode":false,"pivot":{"x":-0.00025172531604766846,"y":0.07611076533794403,"z":-0.006017763167619705},"rotation":{"x":-0.352340966463089,"y":-0.26602989435195925,"z":0.1051374226808548,"w":-0.8911518454551697},"size":0.17062151432037354,"orthographic":true}