{"cameraMode":{"drawMode":0,"name":"Shaded","section":"Shading Mode"},"sceneLighting":true,"audioPlay":false,"sceneViewState":{"m_AlwaysRefresh":false,"showFog":true,"showSkybox":true,"showFlares":true,"showImageEffects":true,"showParticleSystems":true,"showVisualEffectGraphs":true,"m_FxEnabled":true},"in2DMode":false,"pivot":{"x":-492.94805908203127,"y":582.5979614257813,"z":1560.446044921875},"rotation":{"x":0.016858337447047235,"y":-0.9810457229614258,"z":0.0989176407456398,"w":0.16633592545986176},"size":1725.5191650390625,"orthographic":true}