{"cameraMode":{"drawMode":0,"name":"Shaded","section":"Shading Mode"},"sceneLighting":true,"audioPlay":false,"sceneViewState":{"m_AlwaysRefresh":false,"showFog":true,"showSkybox":true,"showFlares":true,"showImageEffects":true,"showParticleSystems":true,"showVisualEffectGraphs":true,"m_FxEnabled":true},"in2DMode":false,"pivot":{"x":1.5758997201919556,"y":0.01571347564458847,"z":-1.195572018623352},"rotation":{"x":0.19919522106647492,"y":0.2708214819431305,"z":-0.057386163622140887,"w":0.9400519728660584},"size":5.405824184417725,"orthographic":false}